{
  "version": 1,
  "author": "Uri Shaked",
  "editor": "wokwi",
  "parts": [
    { "type": "board-esp32-devkit-c-v4", "id": "esp", "top": 105.6, "left": 129.64, "attrs": {} },
    { "type": "wokwi-led", "id": "led3", "top": -13.2, "left": -265, "attrs": { "color": "red" } },
    {
      "type": "wokwi-led",
      "id": "led4",
      "top": 63.6,
      "left": -322.6,
      "attrs": { "color": "green" }
    },
    { "type": "wokwi-arduino-uno", "id": "uno1", "top": 221.4, "left": -375, "attrs": {} },
    { "type": "wokwi-dht22", "id": "dht1", "top": 249.9, "left": 23.4, "attrs": {} },
    { "type": "wokwi-gas-sensor", "id": "gas1", "top": 434.7, "left": -415.4, "attrs": {} },
    {
      "type": "wokwi-lcd1602",
      "id": "lcd1",
      "top": 188.8,
      "left": -685.6,
      "attrs": { "pins": "i2c" }
    },
    {
      "type": "wokwi-resistor",
      "id": "r1",
      "top": 148.8,
      "left": -336.55,
      "rotate": 90,
      "attrs": { "value": "220" }
    },
    {
      "type": "wokwi-resistor",
      "id": "r4",
      "top": 81.6,
      "left": -288.55,
      "rotate": 90,
      "attrs": { "value": "220" }
    },
    {
      "type": "wokwi-pushbutton",
      "id": "btn1",
      "top": 35,
      "left": -86.4,
      "attrs": { "color": "green", "xray": "1", "bounce": "1" }
    },
    {
      "type": "wokwi-resistor",
      "id": "r2",
      "top": 455.45,
      "left": -30.2,
      "rotate": 180,
      "attrs": { "value": "10000" }
    }
  ],
  "connections": [
    [ "esp:TX", "$serialMonitor:RX", "", [] ],
    [ "esp:RX", "$serialMonitor:TX", "", [] ],
    [ "dht1:VCC", "uno1:5V", "red", [ "v144", "h-278.4" ] ],
    [ "dht1:SDA", "uno1:2", "yellow", [ "v0", "h-105.5", "v-182.4", "h-86.4" ] ],
    [ "gas1:VCC", "uno1:5V", "red", [ "h48", "v-0.9" ] ],
    [ "gas1:GND", "uno1:GND.2", "black", [ "h0" ] ],
    [ "gas1:AOUT", "uno1:A0", "blue", [ "h0" ] ],
    [ "gas1:VCC", "esp:3V3", "red", [ "h0", "v85.5", "h240", "v-451.2", "h172.8" ] ],
    [ "gas1:AOUT", "esp:34", "blue", [ "h0", "v-19.2", "h201.6", "v-259.2" ] ],
    [ "lcd1:VCC", "uno1:5V", "red", [ "h-28.8", "v268.9", "h489.6" ] ],
    [ "lcd1:GND", "uno1:GND.3", "black", [ "h-19.2", "v307.2", "h508.8" ] ],
    [ "lcd1:SDA", "uno1:A4", "blue", [ "h-57.6", "v297.8", "h614.4" ] ],
    [ "lcd1:SCL", "uno1:A5", "yellow", [ "h-76.8", "v297.9", "h643.2" ] ],
    [ "lcd1:SDA", "esp:21", "blue", [ "h-67.2", "v-268.6", "h1027.2", "v211.2" ] ],
    [ "lcd1:SCL", "esp:22", "yellow", [ "h-105.6", "v-268.5", "h1046.4", "v172.8" ] ],
    [ "dht1:VCC", "esp:3V3", "red", [ "v-19.2", "h-57.6", "v-211.2" ] ],
    [ "dht1:SDA", "esp:4", "gold", [ "v0", "h297.7", "v-115.2" ] ],
    [ "led4:C", "r1:1", "black", [ "v0" ] ],
    [ "led3:C", "r4:1", "black", [ "v9.6", "h-9.2" ] ],
    [ "led4:A", "esp:12", "green", [ "v48", "h201.6", "v76.8" ] ],
    [ "led3:A", "esp:13", "red", [ "v105.6", "h192", "v86.4", "h153.6", "v48" ] ],
    [ "r4:2", "esp:GND.1", "black", [ "h0", "v85.2", "h374.4", "v57.6" ] ],
    [ "r1:2", "esp:GND.1", "black", [ "h0", "v27.6", "h374.4", "v28.8", "h28.8", "v28.8" ] ],
    [ "btn1:1.r", "esp:GND.1", "green", [ "v0", "h115.4", "v220.8" ] ],
    [ "btn1:1.l", "esp:15", "green", [ "h-48", "v-48", "h528", "v19.2" ] ],
    [ "dht1:GND", "r2:1", "black", [ "v96" ] ],
    [ "r2:2", "uno1:GND.3", "black", [ "v0", "h-152.4" ] ]
  ],
  "dependencies": {}
}